Model,Accuracy,Precision,Recall,Inference Time (ms),Parameter Count (M),TOPSIS Score,Rank
T5,0.92,0.91,0.9,130,220,0.49889770075818624,4.0
GPT-2,0.88,0.86,0.87,150,355,0.0,5.0
BART,0.91,0.9,0.92,125,140,0.7148203220614511,3.0
Electra,0.89,0.88,0.88,110,135,0.7734177298575489,2.0
DeBERTa,0.93,0.94,0.92,95,100,1.0,1.0
